-- ============================================================
-- 008 — Full Solum Technologies seed data
-- Populates the Solum tenant with employees, vendors,
-- departments, assets, assignments, ownership history,
-- and user accounts.
--
-- Run this in Neon SQL Editor AFTER running 001–007.
-- Safe to re-run: all inserts use ON CONFLICT DO NOTHING.
-- ============================================================

-- ── Tenant ───────────────────────────────────────────────────────────────────
INSERT INTO tenants (id, name, slug, plan, admin_email, admin_name)
VALUES (
  '11111111-1111-1111-1111-111111111111',
  'Solum Technologies',
  'solum-technologies',
  'professional',
  'admin@solumtechnologies.com',
  'Vasanth'
)
ON CONFLICT (slug) DO UPDATE
  SET name        = EXCLUDED.name,
      admin_email = EXCLUDED.admin_email,
      admin_name  = EXCLUDED.admin_name;

-- ── Departments ──────────────────────────────────────────────────────────────
INSERT INTO departments (id, tenant_id, name, cost_center) VALUES
  ('22222222-2222-2222-2222-222222222201', '11111111-1111-1111-1111-111111111111', 'Engineering',       'CC-100'),
  ('22222222-2222-2222-2222-222222222202', '11111111-1111-1111-1111-111111111111', 'Human Resources',   'CC-200'),
  ('22222222-2222-2222-2222-222222222203', '11111111-1111-1111-1111-111111111111', 'Sales',             'CC-300'),
  ('22222222-2222-2222-2222-222222222204', '11111111-1111-1111-1111-111111111111', 'Finance',           'CC-400'),
  ('22222222-2222-2222-2222-222222222205', '11111111-1111-1111-1111-111111111111', 'Operations',        'CC-500')
ON CONFLICT DO NOTHING;

-- ── Vendors ──────────────────────────────────────────────────────────────────
INSERT INTO vendors (id, tenant_id, name, contact_email, website) VALUES
  ('33333333-3333-3333-3333-333333333301', '11111111-1111-1111-1111-111111111111', 'Dell Technologies', 'sales@dell.com',       'https://dell.com'),
  ('33333333-3333-3333-3333-333333333302', '11111111-1111-1111-1111-111111111111', 'Apple Inc.',        'enterprise@apple.com', 'https://apple.com'),
  ('33333333-3333-3333-3333-333333333303', '11111111-1111-1111-1111-111111111111', 'HP Inc.',           'business@hp.com',      'https://hp.com'),
  ('33333333-3333-3333-3333-333333333304', '11111111-1111-1111-1111-111111111111', 'Logitech',          'business@logitech.com','https://logitech.com'),
  ('33333333-3333-3333-3333-333333333305', '11111111-1111-1111-1111-111111111111', 'Cisco Systems',     'sales@cisco.com',      'https://cisco.com'),
  ('33333333-3333-3333-3333-333333333306', '11111111-1111-1111-1111-111111111111', 'Ubiquiti',          'sales@ubnt.com',       'https://ui.com'),
  ('33333333-3333-3333-3333-333333333307', '11111111-1111-1111-1111-111111111111', 'Hikvision',         'sales@hikvision.com',  'https://hikvision.com')
ON CONFLICT DO NOTHING;

-- ── Employees ────────────────────────────────────────────────────────────────
INSERT INTO employees (id, tenant_id, employee_number, first_name, last_name, email, job_title, department_id, status, hire_date) VALUES
  ('44444444-4444-4444-4444-444444444401', '11111111-1111-1111-1111-111111111111', 'EMP-001', 'Sarah',    'Chen',     'sarah.chen@solumtechnologies.com',     'Senior Software Engineer', '22222222-2222-2222-2222-222222222201', 'active', '2023-07-24'),
  ('44444444-4444-4444-4444-444444444402', '11111111-1111-1111-1111-111111111111', 'EMP-002', 'Mike',     'Johnson',  'mike.johnson@solumtechnologies.com',    'DevOps Engineer',          '22222222-2222-2222-2222-222222222201', 'active', '2023-06-01'),
  ('44444444-4444-4444-4444-444444444403', '11111111-1111-1111-1111-111111111111', 'EMP-003', 'Emily',    'Davis',    'emily.davis@solumtechnologies.com',     'HR Manager',               '22222222-2222-2222-2222-222222222202', 'active', '2022-03-10'),
  ('44444444-4444-4444-4444-444444444404', '11111111-1111-1111-1111-111111111111', 'EMP-004', 'James',    'Wilson',   'james.wilson@solumtechnologies.com',    'Sales Director',           '22222222-2222-2222-2222-222222222203', 'active', '2021-08-20'),
  ('44444444-4444-4444-4444-444444444405', '11111111-1111-1111-1111-111111111111', 'EMP-005', 'Priya',    'Patel',    'priya.patel@solumtechnologies.com',     'Financial Analyst',        '22222222-2222-2222-2222-222222222204', 'active', '2024-02-01'),
  ('44444444-4444-4444-4444-444444444406', '11111111-1111-1111-1111-111111111111', 'EMP-006', 'David',    'Brown',    'david.brown@solumtechnologies.com',     'Backend Developer',        '22222222-2222-2222-2222-222222222201', 'active', '2023-11-15'),
  ('44444444-4444-4444-4444-444444444407', '11111111-1111-1111-1111-111111111111', 'EMP-007', 'Anna',     'Martinez', 'anna.martinez@solumtechnologies.com',   'Frontend Developer',       '22222222-2222-2222-2222-222222222201', 'active', '2024-04-01'),
  ('44444444-4444-4444-4444-444444444408', '11111111-1111-1111-1111-111111111111', 'EMP-008', 'Robert',   'Taylor',   'robert.taylor@solumtechnologies.com',   'Account Executive',        '22222222-2222-2222-2222-222222222203', 'active', '2023-01-10'),
  ('44444444-4444-4444-4444-444444444409', '11111111-1111-1111-1111-111111111111', 'EMP-009', 'Jennifer', 'Lee',      'jennifer.lee@solumtechnologies.com',    'Operations Manager',       '22222222-2222-2222-2222-222222222205', 'active', '2022-07-01'),
  ('44444444-4444-4444-4444-444444444410', '11111111-1111-1111-1111-111111111111', 'EMP-010', 'Chris',    'Anderson', 'chris.anderson@solumtechnologies.com',  'QA Engineer',              '22222222-2222-2222-2222-222222222201', 'active', '2024-06-15')
ON CONFLICT DO NOTHING;

-- ── IT Assets (AST-001 to AST-050) ───────────────────────────────────────────
-- Deployed assets  (001–035): assigned to employees
-- In Stock        (036–045)
-- In Repair       (046–048)
-- Retired         (049–050)
INSERT INTO assets (id, tenant_id, asset_tag, name, category, manufacturer, model, serial_number,
                    status, lifecycle_stage, purchase_date, purchase_cost, current_value,
                    location, vendor_id, assigned_employee_id, warranty_expires_at, created_at, updated_at) VALUES
  ('55555555-5555-5555-5555-000000000001','11111111-1111-1111-1111-111111111111','AST-001','Dell Latitude 5540','laptop','Dell','Latitude 5540','SN-00000001','deployed','active','2026-06-02',850,638,'HQ Floor 1','33333333-3333-3333-3333-333333333301','44444444-4444-4444-4444-444444444401','2027-07-02',NOW(),NOW()),
  ('55555555-5555-5555-5555-000000000002','11111111-1111-1111-1111-111111111111','AST-002','MacBook Pro 14','laptop','Apple','Pro 14','SN-00000002','deployed','active','2026-05-03',900,675,'HQ Floor 2','33333333-3333-3333-3333-333333333302','44444444-4444-4444-4444-444444444402','2027-07-02',NOW(),NOW()),
  ('55555555-5555-5555-5555-000000000003','11111111-1111-1111-1111-111111111111','AST-003','HP EliteBook 840','laptop','HP','EliteBook 840','SN-00000003','deployed','active','2026-04-03',950,713,'HQ Floor 1','33333333-3333-3333-3333-333333333303','44444444-4444-4444-4444-444444444403','2027-07-02',NOW(),NOW()),
  ('55555555-5555-5555-5555-000000000004','11111111-1111-1111-1111-111111111111','AST-004','Dell OptiPlex 7090','desktop','Dell','OptiPlex 7090','SN-00000004','deployed','active','2026-03-04',1000,750,'HQ Floor 3','33333333-3333-3333-3333-333333333301','44444444-4444-4444-4444-444444444404','2026-08-31',NOW(),NOW()),
  ('55555555-5555-5555-5555-000000000005','11111111-1111-1111-1111-111111111111','AST-005','iPhone 15 Pro','mobile','Apple','iPhone 15 Pro','SN-00000005','deployed','active','2026-02-01',1050,788,'HQ Floor 2','33333333-3333-3333-3333-333333333302','44444444-4444-4444-4444-444444444405','2026-07-17',NOW(),NOW()),
  ('55555555-5555-5555-5555-000000000006','11111111-1111-1111-1111-111111111111','AST-006','Dell Latitude 5540','laptop','HP','Latitude 5540','SN-00000006','deployed','active','2026-01-02',1100,825,'HQ Floor 4','33333333-3333-3333-3333-333333333303','44444444-4444-4444-4444-444444444406','2027-07-02',NOW(),NOW()),
  ('55555555-5555-5555-5555-000000000007','11111111-1111-1111-1111-111111111111','AST-007','MacBook Pro 14','laptop','Apple','Pro 14','SN-00000007','deployed','active','2025-12-04',1150,863,'HQ Floor 1','33333333-3333-3333-3333-333333333301','44444444-4444-4444-4444-444444444407','2027-07-02',NOW(),NOW()),
  ('55555555-5555-5555-5555-000000000008','11111111-1111-1111-1111-111111111111','AST-008','HP EliteBook 840','laptop','Dell','EliteBook 840','SN-00000008','deployed','active','2025-11-04',1200,900,'HQ Floor 2','33333333-3333-3333-3333-333333333302','44444444-4444-4444-4444-444444444408','2027-07-02',NOW(),NOW()),
  ('55555555-5555-5555-5555-000000000009','11111111-1111-1111-1111-111111111111','AST-009','Dell OptiPlex 7090','desktop','HP','OptiPlex 7090','SN-00000009','deployed','active','2025-10-05',1250,938,'HQ Floor 3','33333333-3333-3333-3333-333333333303','44444444-4444-4444-4444-444444444409','2027-07-02',NOW(),NOW()),
  ('55555555-5555-5555-5555-000000000010','11111111-1111-1111-1111-111111111111','AST-010','iPhone 15 Pro','mobile','Dell','iPhone 15 Pro','SN-0000000a','deployed','active','2025-09-05',1300,975,'HQ Floor 5','33333333-3333-3333-3333-333333333301','44444444-4444-4444-4444-444444444410','2027-07-02',NOW(),NOW()),
  ('55555555-5555-5555-5555-000000000011','11111111-1111-1111-1111-111111111111','AST-011','Dell Latitude 5540','laptop','Apple','Latitude 5540','SN-0000000b','deployed','active','2025-08-06',1350,1013,'HQ Floor 1','33333333-3333-3333-3333-333333333302','44444444-4444-4444-4444-444444444401','2027-07-02',NOW(),NOW()),
  ('55555555-5555-5555-5555-000000000012','11111111-1111-1111-1111-111111111111','AST-012','MacBook Pro 14','laptop','HP','Pro 14','SN-0000000c','deployed','active','2025-07-07',1400,1050,'HQ Floor 2','33333333-3333-3333-3333-333333333303','44444444-4444-4444-4444-444444444402','2026-08-31',NOW(),NOW()),
  ('55555555-5555-5555-5555-000000000013','11111111-1111-1111-1111-111111111111','AST-013','HP EliteBook 840','laptop','Dell','EliteBook 840','SN-0000000d','deployed','active','2025-06-07',1450,1088,'HQ Floor 3','33333333-3333-3333-3333-333333333301','44444444-4444-4444-4444-444444444403','2027-07-02',NOW(),NOW()),
  ('55555555-5555-5555-5555-000000000014','11111111-1111-1111-1111-111111111111','AST-014','Dell OptiPlex 7090','desktop','Apple','OptiPlex 7090','SN-0000000e','deployed','active','2025-05-08',1500,1125,'HQ Floor 4','33333333-3333-3333-3333-333333333302','44444444-4444-4444-4444-444444444404','2027-07-02',NOW(),NOW()),
  ('55555555-5555-5555-5555-000000000015','11111111-1111-1111-1111-111111111111','AST-015','iPhone 15 Pro','mobile','HP','iPhone 15 Pro','SN-0000000f','deployed','active','2025-04-08',1550,1163,'HQ Floor 1','33333333-3333-3333-3333-333333333303','44444444-4444-4444-4444-444444444405','2027-07-02',NOW(),NOW()),
  ('55555555-5555-5555-5555-000000000016','11111111-1111-1111-1111-111111111111','AST-016','Dell Latitude 5540','laptop','Dell','Latitude 5540','SN-00000010','deployed','active','2025-03-09',1600,1200,'HQ Floor 2','33333333-3333-3333-3333-333333333301','44444444-4444-4444-4444-444444444406','2027-07-02',NOW(),NOW()),
  ('55555555-5555-5555-5555-000000000017','11111111-1111-1111-1111-111111111111','AST-017','MacBook Pro 14','laptop','Apple','Pro 14','SN-00000011','deployed','active','2025-02-07',1650,1238,'HQ Floor 3','33333333-3333-3333-3333-333333333302','44444444-4444-4444-4444-444444444407','2027-07-02',NOW(),NOW()),
  ('55555555-5555-5555-5555-000000000018','11111111-1111-1111-1111-111111111111','AST-018','HP EliteBook 840','laptop','HP','EliteBook 840','SN-00000012','deployed','active','2025-01-08',1700,1275,'HQ Floor 4','33333333-3333-3333-3333-333333333303','44444444-4444-4444-4444-444444444408','2027-07-02',NOW(),NOW()),
  ('55555555-5555-5555-5555-000000000019','11111111-1111-1111-1111-111111111111','AST-019','Dell OptiPlex 7090','desktop','Dell','OptiPlex 7090','SN-00000013','deployed','active','2024-12-09',1750,1313,'HQ Floor 5','33333333-3333-3333-3333-333333333301','44444444-4444-4444-4444-444444444409','2027-07-02',NOW(),NOW()),
  ('55555555-5555-5555-5555-000000000020','11111111-1111-1111-1111-111111111111','AST-020','iPhone 15 Pro','mobile','Apple','iPhone 15 Pro','SN-00000014','deployed','active','2024-11-09',1800,1350,'HQ Floor 1','33333333-3333-3333-3333-333333333302','44444444-4444-4444-4444-444444444410','2027-07-02',NOW(),NOW()),
  ('55555555-5555-5555-5555-000000000021','11111111-1111-1111-1111-111111111111','AST-021','Dell Latitude 5540','laptop','HP','Latitude 5540','SN-00000015','deployed','active','2024-10-10',1850,1388,'HQ Floor 2','33333333-3333-3333-3333-333333333303','44444444-4444-4444-4444-444444444401','2027-07-02',NOW(),NOW()),
  ('55555555-5555-5555-5555-000000000022','11111111-1111-1111-1111-111111111111','AST-022','MacBook Pro 14','laptop','Dell','Pro 14','SN-00000016','deployed','active','2024-09-10',1900,1425,'HQ Floor 3','33333333-3333-3333-3333-333333333301','44444444-4444-4444-4444-444444444402','2027-07-02',NOW(),NOW()),
  ('55555555-5555-5555-5555-000000000023','11111111-1111-1111-1111-111111111111','AST-023','HP EliteBook 840','laptop','Apple','EliteBook 840','SN-00000017','deployed','active','2024-08-11',1950,1463,'HQ Floor 4','33333333-3333-3333-3333-333333333302','44444444-4444-4444-4444-444444444403','2027-07-02',NOW(),NOW()),
  ('55555555-5555-5555-5555-000000000024','11111111-1111-1111-1111-111111111111','AST-024','Dell OptiPlex 7090','desktop','HP','OptiPlex 7090','SN-00000018','deployed','active','2024-07-12',2000,1500,'HQ Floor 5','33333333-3333-3333-3333-333333333303','44444444-4444-4444-4444-444444444404','2027-07-02',NOW(),NOW()),
  ('55555555-5555-5555-5555-000000000025','11111111-1111-1111-1111-111111111111','AST-025','iPhone 15 Pro','mobile','Dell','iPhone 15 Pro','SN-00000019','deployed','active','2024-06-12',2050,1538,'HQ Floor 1','33333333-3333-3333-3333-333333333301','44444444-4444-4444-4444-444444444405','2027-07-02',NOW(),NOW()),
  ('55555555-5555-5555-5555-000000000026','11111111-1111-1111-1111-111111111111','AST-026','Dell Latitude 5540','laptop','Apple','Latitude 5540','SN-0000001a','deployed','active','2024-05-13',2100,1575,'HQ Floor 2','33333333-3333-3333-3333-333333333302','44444444-4444-4444-4444-444444444406','2027-07-02',NOW(),NOW()),
  ('55555555-5555-5555-5555-000000000027','11111111-1111-1111-1111-111111111111','AST-027','MacBook Pro 14','laptop','HP','Pro 14','SN-0000001b','deployed','active','2024-04-13',2150,1613,'HQ Floor 3','33333333-3333-3333-3333-333333333303','44444444-4444-4444-4444-444444444407','2027-07-02',NOW(),NOW()),
  ('55555555-5555-5555-5555-000000000028','11111111-1111-1111-1111-111111111111','AST-028','HP EliteBook 840','laptop','Dell','EliteBook 840','SN-0000001c','deployed','active','2024-03-14',2200,1650,'HQ Floor 4','33333333-3333-3333-3333-333333333301','44444444-4444-4444-4444-444444444408','2027-07-02',NOW(),NOW()),
  ('55555555-5555-5555-5555-000000000029','11111111-1111-1111-1111-111111111111','AST-029','Dell OptiPlex 7090','desktop','Apple','OptiPlex 7090','SN-0000001d','deployed','active','2024-02-13',2250,1688,'HQ Floor 5','33333333-3333-3333-3333-333333333302','44444444-4444-4444-4444-444444444409','2027-07-02',NOW(),NOW()),
  ('55555555-5555-5555-5555-000000000030','11111111-1111-1111-1111-111111111111','AST-030','iPhone 15 Pro','mobile','HP','iPhone 15 Pro','SN-0000001e','deployed','active','2024-01-14',2300,1725,'HQ Floor 1','33333333-3333-3333-3333-333333333303','44444444-4444-4444-4444-444444444410','2027-07-02',NOW(),NOW()),
  ('55555555-5555-5555-5555-000000000031','11111111-1111-1111-1111-111111111111','AST-031','Dell Latitude 5540','laptop','Dell','Latitude 5540','SN-0000001f','deployed','active','2023-12-15',2350,1763,'HQ Floor 2','33333333-3333-3333-3333-333333333301','44444444-4444-4444-4444-444444444401','2027-07-02',NOW(),NOW()),
  ('55555555-5555-5555-5555-000000000032','11111111-1111-1111-1111-111111111111','AST-032','MacBook Pro 14','laptop','Apple','Pro 14','SN-00000020','deployed','active','2023-11-15',2400,1800,'HQ Floor 3','33333333-3333-3333-3333-333333333302','44444444-4444-4444-4444-444444444402','2027-07-02',NOW(),NOW()),
  ('55555555-5555-5555-5555-000000000033','11111111-1111-1111-1111-111111111111','AST-033','HP EliteBook 840','laptop','HP','EliteBook 840','SN-00000021','deployed','active','2023-10-16',2450,1838,'HQ Floor 4','33333333-3333-3333-3333-333333333303','44444444-4444-4444-4444-444444444403','2027-07-02',NOW(),NOW()),
  ('55555555-5555-5555-5555-000000000034','11111111-1111-1111-1111-111111111111','AST-034','Dell OptiPlex 7090','desktop','Dell','OptiPlex 7090','SN-00000022','deployed','active','2023-09-16',2500,1875,'HQ Floor 5','33333333-3333-3333-3333-333333333301','44444444-4444-4444-4444-444444444404','2027-07-02',NOW(),NOW()),
  ('55555555-5555-5555-5555-000000000035','11111111-1111-1111-1111-111111111111','AST-035','iPhone 15 Pro','mobile','Apple','iPhone 15 Pro','SN-00000023','deployed','active','2023-08-17',2550,1913,'HQ Floor 1','33333333-3333-3333-3333-333333333302','44444444-4444-4444-4444-444444444405','2027-07-02',NOW(),NOW()),
  -- In Stock (036–045)
  ('55555555-5555-5555-5555-000000000036','11111111-1111-1111-1111-111111111111','AST-036','Dell Latitude 5540','laptop','HP','Latitude 5540','SN-00000024','in_stock','active','2023-07-18',2600,1950,'HQ Floor 2','33333333-3333-3333-3333-333333333303',NULL,'2027-07-02',NOW(),NOW()),
  ('55555555-5555-5555-5555-000000000037','11111111-1111-1111-1111-111111111111','AST-037','MacBook Pro 14','laptop','Dell','Pro 14','SN-00000025','in_stock','active','2023-06-18',2650,1988,'HQ Floor 3','33333333-3333-3333-3333-333333333301',NULL,'2027-07-02',NOW(),NOW()),
  ('55555555-5555-5555-5555-000000000038','11111111-1111-1111-1111-111111111111','AST-038','HP EliteBook 840','laptop','Apple','EliteBook 840','SN-00000026','in_stock','active','2023-05-19',2700,2025,'HQ Floor 1','33333333-3333-3333-3333-333333333302',NULL,'2027-07-02',NOW(),NOW()),
  ('55555555-5555-5555-5555-000000000039','11111111-1111-1111-1111-111111111111','AST-039','Dell OptiPlex 7090','desktop','HP','OptiPlex 7090','SN-00000027','in_stock','active','2023-04-19',2750,2063,'HQ Floor 4','33333333-3333-3333-3333-333333333303',NULL,'2027-07-02',NOW(),NOW()),
  ('55555555-5555-5555-5555-000000000040','11111111-1111-1111-1111-111111111111','AST-040','iPhone 15 Pro','mobile','Dell','iPhone 15 Pro','SN-00000028','in_stock','active','2023-03-20',2800,2100,'HQ Floor 5','33333333-3333-3333-3333-333333333301',NULL,'2027-07-02',NOW(),NOW()),
  ('55555555-5555-5555-5555-000000000041','11111111-1111-1111-1111-111111111111','AST-041','Dell Latitude 5540','laptop','Apple','Latitude 5540','SN-00000029','in_stock','active','2023-02-18',2850,2138,'HQ Floor 1','33333333-3333-3333-3333-333333333302',NULL,'2027-07-02',NOW(),NOW()),
  ('55555555-5555-5555-5555-000000000042','11111111-1111-1111-1111-111111111111','AST-042','MacBook Pro 14','laptop','HP','Pro 14','SN-0000002a','in_stock','active','2023-01-19',2900,2175,'HQ Floor 2','33333333-3333-3333-3333-333333333303',NULL,'2027-07-02',NOW(),NOW()),
  ('55555555-5555-5555-5555-000000000043','11111111-1111-1111-1111-111111111111','AST-043','HP EliteBook 840','laptop','Dell','EliteBook 840','SN-0000002b','in_stock','active','2022-12-20',2950,2213,'HQ Floor 3','33333333-3333-3333-3333-333333333301',NULL,'2027-07-02',NOW(),NOW()),
  ('55555555-5555-5555-5555-000000000044','11111111-1111-1111-1111-111111111111','AST-044','Dell OptiPlex 7090','desktop','Apple','OptiPlex 7090','SN-0000002c','in_stock','active','2022-11-20',3000,2250,'HQ Floor 4','33333333-3333-3333-3333-333333333302',NULL,'2027-07-02',NOW(),NOW()),
  ('55555555-5555-5555-5555-000000000045','11111111-1111-1111-1111-111111111111','AST-045','iPhone 15 Pro','mobile','HP','iPhone 15 Pro','SN-0000002d','in_stock','active','2022-10-21',3050,2288,'HQ Floor 5','33333333-3333-3333-3333-333333333303',NULL,'2027-07-02',NOW(),NOW()),
  -- In Repair (046–048)
  ('55555555-5555-5555-5555-000000000046','11111111-1111-1111-1111-111111111111','AST-046','Dell Latitude 5540','laptop','Dell','Latitude 5540','SN-0000002e','in_repair','maintenance','2022-09-21',3100,2325,'HQ Service Bay','33333333-3333-3333-3333-333333333301',NULL,'2027-07-02',NOW(),NOW()),
  ('55555555-5555-5555-5555-000000000047','11111111-1111-1111-1111-111111111111','AST-047','MacBook Pro 14','laptop','Apple','Pro 14','SN-0000002f','in_repair','maintenance','2022-08-22',3150,2363,'HQ Service Bay','33333333-3333-3333-3333-333333333302',NULL,'2027-07-02',NOW(),NOW()),
  ('55555555-5555-5555-5555-000000000048','11111111-1111-1111-1111-111111111111','AST-048','HP EliteBook 840','laptop','HP','EliteBook 840','SN-00000030','in_repair','maintenance','2022-07-23',3200,2400,'HQ Service Bay','33333333-3333-3333-3333-333333333303',NULL,'2027-07-02',NOW(),NOW()),
  -- Retired (049–050)
  ('55555555-5555-5555-5555-000000000049','11111111-1111-1111-1111-111111111111','AST-049','Dell OptiPlex 7090','desktop','Dell','OptiPlex 7090','SN-00000031','retired','end_of_life','2022-06-23',3250,0,'HQ Storage','33333333-3333-3333-3333-333333333301',NULL,'2027-07-02',NOW(),NOW()),
  ('55555555-5555-5555-5555-000000000050','11111111-1111-1111-1111-111111111111','AST-050','iPhone 15 Pro','mobile','Apple','iPhone 15 Pro','SN-00000032','retired','end_of_life','2022-05-24',3300,0,'HQ Storage','33333333-3333-3333-3333-333333333302',NULL,'2027-07-02',NOW(),NOW())
ON CONFLICT DO NOTHING;

-- ── Peripheral Assets (DEV-001 to DEV-016) ───────────────────────────────────
INSERT INTO assets (id, tenant_id, asset_tag, name, category, manufacturer, model, serial_number,
                    status, lifecycle_stage, purchase_date, purchase_cost, current_value,
                    location, vendor_id, assigned_employee_id, warranty_expires_at, created_at, updated_at) VALUES
  ('55555555-5555-5555-5556-000000000001','11111111-1111-1111-1111-111111111111','DEV-001','Dell UltraSharp 27" U2723QE','monitor','Dell','U2723QE','SN-DEV-00051','deployed','active','2026-04-03',549,439,'HQ Floor 1','33333333-3333-3333-3333-333333333301','44444444-4444-4444-4444-444444444401','2026-12-29',NOW(),NOW()),
  ('55555555-5555-5555-5556-000000000002','11111111-1111-1111-1111-111111111111','DEV-002','LG 27UK850-W 4K','monitor','LG','27UK850-W','SN-DEV-00052','deployed','active','2026-03-29',399,319,'HQ Floor 2','33333333-3333-3333-3333-333333333301','44444444-4444-4444-4444-444444444402','2027-01-28',NOW(),NOW()),
  ('55555555-5555-5555-5556-000000000003','11111111-1111-1111-1111-111111111111','DEV-003','Samsung Odyssey G5 32"','monitor','Samsung','G5 32"','SN-DEV-00053','deployed','active','2026-03-24',329,263,'HQ Floor 3','33333333-3333-3333-3333-333333333303','44444444-4444-4444-4444-444444444403','2027-02-27',NOW(),NOW()),
  ('55555555-5555-5555-5556-000000000004','11111111-1111-1111-1111-111111111111','DEV-004','HP E24 G5','monitor','HP','E24 G5','SN-DEV-00054','deployed','active','2026-03-19',219,175,'HQ Floor 4','33333333-3333-3333-3333-333333333303','44444444-4444-4444-4444-444444444404','2027-03-29',NOW(),NOW()),
  ('55555555-5555-5555-5556-000000000005','11111111-1111-1111-1111-111111111111','DEV-005','Apple Studio Display','monitor','Apple','Studio Display','SN-DEV-00055','deployed','active','2026-03-14',1599,1279,'HQ Floor 1','33333333-3333-3333-3333-333333333302','44444444-4444-4444-4444-444444444405','2027-04-28',NOW(),NOW()),
  ('55555555-5555-5555-5556-000000000006','11111111-1111-1111-1111-111111111111','DEV-006','Logitech MX Keys','keyboard','Logitech','MX Keys','SN-DEV-00056','deployed','active','2026-03-09',119,95,'HQ Floor 2','33333333-3333-3333-3333-333333333304','44444444-4444-4444-4444-444444444406','2027-05-28',NOW(),NOW()),
  ('55555555-5555-5555-5556-000000000007','11111111-1111-1111-1111-111111111111','DEV-007','Dell KB216 Wired','keyboard','Dell','KB216','SN-DEV-00057','deployed','active','2026-03-04',25,20,'HQ Floor 3','33333333-3333-3333-3333-333333333301','44444444-4444-4444-4444-444444444407','2027-06-27',NOW(),NOW()),
  ('55555555-5555-5555-5556-000000000008','11111111-1111-1111-1111-111111111111','DEV-008','Apple Magic Keyboard','keyboard','Apple','Magic Keyboard','SN-DEV-00058','deployed','active','2026-02-27',149,119,'HQ Floor 4','33333333-3333-3333-3333-333333333302','44444444-4444-4444-4444-444444444408','2027-07-27',NOW(),NOW()),
  ('55555555-5555-5555-5556-000000000009','11111111-1111-1111-1111-111111111111','DEV-009','Logitech K780 Multi-Device','keyboard','Logitech','K780','SN-DEV-00059','deployed','active','2026-02-22',79,63,'HQ Floor 5','33333333-3333-3333-3333-333333333304','44444444-4444-4444-4444-444444444409','2027-08-26',NOW(),NOW()),
  ('55555555-5555-5555-5556-000000000010','11111111-1111-1111-1111-111111111111','DEV-010','Logitech MX Master 3S','mouse','Logitech','MX Master 3S','SN-DEV-00060','deployed','active','2026-02-17',99,79,'HQ Floor 1','33333333-3333-3333-3333-333333333304','44444444-4444-4444-4444-444444444410','2027-09-25',NOW(),NOW()),
  ('55555555-5555-5555-5556-000000000011','11111111-1111-1111-1111-111111111111','DEV-011','Dell MS116 Optical','mouse','Dell','MS116','SN-DEV-00061','deployed','active','2026-02-12',15,12,'HQ Floor 2','33333333-3333-3333-3333-333333333301','44444444-4444-4444-4444-444444444401','2027-10-25',NOW(),NOW()),
  ('55555555-5555-5555-5556-000000000012','11111111-1111-1111-1111-111111111111','DEV-012','Apple Magic Mouse','mouse','Apple','Magic Mouse','SN-DEV-00062','deployed','active','2026-02-07',79,63,'HQ Floor 3','33333333-3333-3333-3333-333333333302','44444444-4444-4444-4444-444444444402','2027-11-24',NOW(),NOW()),
  ('55555555-5555-5555-5556-000000000013','11111111-1111-1111-1111-111111111111','DEV-013','Logitech M720 Triathlon','mouse','Logitech','M720','SN-DEV-00063','in_stock','active','2026-02-02',49,39,'HQ Floor 4','33333333-3333-3333-3333-333333333304',NULL,'2027-12-24',NOW(),NOW()),
  ('55555555-5555-5555-5556-000000000014','11111111-1111-1111-1111-111111111111','DEV-014','Logitech C920 HD Pro','webcam','Logitech','C920 HD Pro','SN-DEV-00064','in_stock','active','2026-01-28',79,63,'HQ Floor 5','33333333-3333-3333-3333-333333333304',NULL,'2028-01-23',NOW(),NOW()),
  ('55555555-5555-5555-5556-000000000015','11111111-1111-1111-1111-111111111111','DEV-015','Logitech Zone Wired 2','headset','Logitech','Zone Wired 2','SN-DEV-00065','in_stock','active','2026-01-23',129,103,'HQ Floor 1','33333333-3333-3333-3333-333333333304',NULL,'2028-02-22',NOW(),NOW()),
  ('55555555-5555-5555-5556-000000000016','11111111-1111-1111-1111-111111111111','DEV-016','Jabra Evolve2 65','headset','Jabra','Evolve2 65','SN-DEV-00066','in_stock','active','2026-01-18',249,199,'HQ Floor 2','33333333-3333-3333-3333-333333333304',NULL,'2028-03-24',NOW(),NOW())
ON CONFLICT DO NOTHING;

-- ── Asset Assignments ─────────────────────────────────────────────────────────
INSERT INTO asset_assignments (id, tenant_id, asset_id, employee_id, assigned_at, assigned_by, notes) VALUES
  ('66666666-6666-6666-6666-000000000001','11111111-1111-1111-1111-111111111111','55555555-5555-5555-5555-000000000001','44444444-4444-4444-4444-444444444401','2026-05-03 10:00:00+00','Vasanth','Initial deployment'),
  ('66666666-6666-6666-6666-000000000002','11111111-1111-1111-1111-111111111111','55555555-5555-5555-5555-000000000002','44444444-4444-4444-4444-444444444402','2026-05-03 10:00:00+00','Vasanth','Initial deployment'),
  ('66666666-6666-6666-6666-000000000003','11111111-1111-1111-1111-111111111111','55555555-5555-5555-5555-000000000003','44444444-4444-4444-4444-444444444403','2026-05-03 10:00:00+00','Vasanth','Initial deployment'),
  ('66666666-6666-6666-6666-000000000004','11111111-1111-1111-1111-111111111111','55555555-5555-5555-5555-000000000004','44444444-4444-4444-4444-444444444404','2026-05-03 10:00:00+00','Vasanth','Initial deployment'),
  ('66666666-6666-6666-6666-000000000005','11111111-1111-1111-1111-111111111111','55555555-5555-5555-5555-000000000005','44444444-4444-4444-4444-444444444405','2026-05-03 10:00:00+00','Vasanth','Initial deployment'),
  ('66666666-6666-6666-6666-000000000006','11111111-1111-1111-1111-111111111111','55555555-5555-5555-5555-000000000006','44444444-4444-4444-4444-444444444406','2026-05-03 10:00:00+00','Vasanth','Initial deployment'),
  ('66666666-6666-6666-6666-000000000007','11111111-1111-1111-1111-111111111111','55555555-5555-5555-5555-000000000007','44444444-4444-4444-4444-444444444407','2026-05-03 10:00:00+00','Vasanth','Initial deployment'),
  ('66666666-6666-6666-6666-000000000008','11111111-1111-1111-1111-111111111111','55555555-5555-5555-5555-000000000008','44444444-4444-4444-4444-444444444408','2026-05-03 10:00:00+00','Vasanth','Initial deployment'),
  ('66666666-6666-6666-6666-000000000009','11111111-1111-1111-1111-111111111111','55555555-5555-5555-5555-000000000009','44444444-4444-4444-4444-444444444409','2026-05-03 10:00:00+00','Vasanth','Initial deployment'),
  ('66666666-6666-6666-6666-000000000010','11111111-1111-1111-1111-111111111111','55555555-5555-5555-5555-000000000010','44444444-4444-4444-4444-444444444410','2026-05-03 10:00:00+00','Vasanth','Initial deployment')
ON CONFLICT DO NOTHING;

-- ── Ownership History ─────────────────────────────────────────────────────────
INSERT INTO ownership_history (id, tenant_id, asset_id, event_type, description, performed_by, created_at) VALUES
  ('77777777-7777-7777-7777-000000000001','11111111-1111-1111-1111-111111111111','55555555-5555-5555-5555-000000000001','ASSIGNED','Assigned to Sarah Chen','Vasanth','2026-05-03 10:00:00+00'),
  ('77777777-7777-7777-7777-000000000002','11111111-1111-1111-1111-111111111111','55555555-5555-5555-5555-000000000002','ASSIGNED','Assigned to Mike Johnson','Vasanth','2026-05-03 10:00:00+00'),
  ('77777777-7777-7777-7777-000000000003','11111111-1111-1111-1111-111111111111','55555555-5555-5555-5555-000000000003','ASSIGNED','Assigned to Emily Davis','Vasanth','2026-05-03 10:00:00+00'),
  ('77777777-7777-7777-7777-000000000004','11111111-1111-1111-1111-111111111111','55555555-5555-5555-5555-000000000004','ASSIGNED','Assigned to James Wilson','Vasanth','2026-05-03 10:00:00+00'),
  ('77777777-7777-7777-7777-000000000005','11111111-1111-1111-1111-111111111111','55555555-5555-5555-5555-000000000005','ASSIGNED','Assigned to Priya Patel','Vasanth','2026-05-03 10:00:00+00')
ON CONFLICT DO NOTHING;

-- ── Users (login accounts for the Solum tenant) ───────────────────────────────
INSERT INTO users (id, tenant_id, email, first_name, last_name, role) VALUES
  ('aaaaaaaa-aaaa-aaaa-aaaa-aaaaaaaaaaaa', '11111111-1111-1111-1111-111111111111', 'admin@solumtechnologies.com',   'Vasanth', '',       'tenant_admin'),
  ('bbbbbbbb-bbbb-bbbb-bbbb-bbbbbbbbbbbb', '11111111-1111-1111-1111-111111111111', 'itadmin@solumtechnologies.com', 'Pavan',   '',       'it_admin'),
  ('cccccccc-cccc-cccc-cccc-cccccccccccc', '11111111-1111-1111-1111-111111111111', 'viewer@solumtechnologies.com',  'Lisa',    'Viewer', 'viewer'),
  ('dddddddd-dddd-dddd-dddd-dddddddddddd', '11111111-1111-1111-1111-111111111111', 'sarah.chen@solumtechnologies.com', 'Sarah', 'Chen',  'employee')
ON CONFLICT DO NOTHING;

-- ── User passwords (pbkdf2v1 hashes will be set on first login; seed with plain Demo@123456) ─
-- The app will auto-upgrade these to PBKDF2 on next password change.
-- For now we use a placeholder that triggers the demo-user fallback path.
-- Run api/auth/change-password after first login to set a real password.
INSERT INTO user_passwords (email, password_hash, updated_at) VALUES
  ('admin@solumtechnologies.com',   'seed-placeholder', NOW()),
  ('itadmin@solumtechnologies.com', 'seed-placeholder', NOW()),
  ('viewer@solumtechnologies.com',  'seed-placeholder', NOW()),
  ('sarah.chen@solumtechnologies.com', 'seed-placeholder', NOW())
ON CONFLICT (email) DO NOTHING;
